Year,Total_Drinks_EUR_M,Whiskey_EUR_M,Cream_Liqueur_EUR_M,Beer_EUR_M,Total_Quality,Total_YoY_Pct,Whiskey_YoY_Pct,Type
2019,1600.8,825.0,364.0,305.0,exact,,,Actual
2020,1297.3,620.0,311.0,254.0,exact,-18.95927036481759,-24.84848484848485,Actual
2021,1620.0,855.0,367.0,246.0,exact,24.874739844292005,37.90322580645162,Actual
2022,2000.0,1000.0,448.0,298.0,approx,23.456790123456784,16.959064327485372,Actual
2023,1800.0,875.0,370.0,330.0,exact,-9.999999999999998,-12.5,Actual
2024,2100.0,1000.0,380.0,325.0,exact,16.666666666666675,14.28571428571428,Actual
2025,2171.5,,,,forecast,,,Forecast
2026,2294.2,,,,forecast,,,Forecast
